﻿pos_x,pos_y,rotation,side,designator,mpn,pack,value,mount_type,place
129.6162,-136.5758,180.0,top,C1,,C_0805_2012Metric_Pad1.18x1.45mm_HandSolder,22pF,smt,True
90.932,-102.362,0.0,top,C10,,CAPAE1050X1250N,100uF,smt,True
131.318,-126.746,180.0,top,C2,,C_0805_2012Metric_Pad1.18x1.45mm_HandSolder,22pF,smt,True
75.946,-126.238,180.0,top,C3,,CAPAE1050X1250N,100uF,smt,True
75.946,-114.3,180.0,top,C4,,CAPAE1050X1250N,100uF,smt,True
123.952,-103.886,90.0,top,C7,,EEE0JA152UAP,220uF,smt,True
104.902,-103.886,90.0,top,C8,,EEE0JA152UAP,220uF,smt,True
75.946,-102.362,180.0,top,C9,,CAPAE1050X1250N,100uF,smt,True
95.758,-91.694,-90.0,top,D1,,D_SMC,B340,smt,True
115.062,-91.694,-90.0,top,D2,,D_SMC,B340,smt,True
114.808,-116.586,-90.0,top,IC1,,SOIC127P600X175-8N,LM358DT,smt,True
122.428,-150.876,180.0,top,J1,,CTB05083,CTB0508_3,tht,True
137.668,-150.876,180.0,top,J2,,CTB05083,CTB0508_3,tht,True
152.908,-150.876,180.0,top,J3,,CTB05083,CTB0508_3,tht,True
168.148,-150.876,180.0,top,J4,,CTB05083,CTB0508_3,tht,True
183.388,-150.876,180.0,top,J5,,CTB05083,CTB0508_3,tht,True
198.628,-150.876,180.0,top,J6,,CTB05083,CTB0508_3,tht,True
107.188,-150.876,180.0,top,J7,,CTB05085,CTB0508_5,tht,True
71.6534,-150.775299,0.0,top,J8,,CONN-2X1_CTB0708&slash_2_CMD,CTB0708/2,tht,True
124.465,-132.065,180.0,top,J9,,PinHeader_2x03_P2.54mm_Vertical,SPI Programming,tht,True
103.378,-70.612,0.0,top,L1,,INDPM123123X1020N,MSS1210-334KED,smt,True
125.984,-70.612,0.0,top,L2,,INDPM123123X1020N,MSS1210-334KED,smt,True
129.643,-122.936,180.0,top,LED1,,5988270107F,5988270107F,smt,True
168.148,-142.968,-90.0,top,Q1,,SOT95P237X112-3N,Si2338DS-T1-GE3,smt,True
183.388,-142.968,-90.0,top,Q10,,SOT95P237X112-3N,Si2338DS-T1-GE3,smt,True
188.468,-142.968,-90.0,top,Q11,,SOT95P237X112-3N,Si2338DS-T1-GE3,smt,True
193.548,-142.968,-90.0,top,Q12,,SOT95P237X112-3N,Si2338DS-T1-GE3,smt,True
198.628,-142.968,-90.0,top,Q13,,SOT95P237X112-3N,Si2338DS-T1-GE3,smt,True
107.154,-142.968,-90.0,top,Q2,,SOT95P237X112-3N,Si2338DS-T1-GE3,smt,True
117.348,-142.968,-90.0,top,Q3,,SOT95P237X112-3N,Si2338DS-T1-GE3,smt,True
122.428,-142.968,-90.0,top,Q4,,SOT95P237X112-3N,Si2338DS-T1-GE3,smt,True
132.588,-142.968,-90.0,top,Q5,,SOT95P237X112-3N,Si2338DS-T1-GE3,smt,True
137.668,-142.968,-90.0,top,Q6,,SOT95P237X112-3N,Si2338DS-T1-GE3,smt,True
147.828,-142.968,-90.0,top,Q7,,SOT95P237X112-3N,Si2338DS-T1-GE3,smt,True
152.908,-142.968,-90.0,top,Q8,,SOT95P237X112-3N,Si2338DS-T1-GE3,smt,True
163.068,-142.968,-90.0,top,Q9,,SOT95P237X112-3N,Si2338DS-T1-GE3,smt,True
124.333,-122.936,180.0,top,R1,,R_0805_2012Metric_Pad1.20x1.40mm_HandSolder,330R,smt,True
193.548,-139.954,0.0,top,R10,,R_0805_2012Metric_Pad1.20x1.40mm_HandSolder,15R,smt,True
198.628,-139.954,180.0,top,R11,,R_0805_2012Metric_Pad1.20x1.40mm_HandSolder,15R,smt,True
168.148,-139.954,0.0,top,R12,,R_0805_2012Metric_Pad1.20x1.40mm_HandSolder,15R,smt,True
188.468,-139.954,180.0,top,R13,,R_0805_2012Metric_Pad1.20x1.40mm_HandSolder,15R,smt,True
183.388,-139.954,180.0,top,R14,,R_0805_2012Metric_Pad1.20x1.40mm_HandSolder,15R,smt,True
119.634,-113.792,180.0,top,R15,,R_0805_2012Metric_Pad1.20x1.40mm_HandSolder,15k,smt,True
119.634,-115.824,180.0,top,R16,,R_0805_2012Metric_Pad1.20x1.40mm_HandSolder,10k,smt,True
105.156,-135.89,-90.0,top,R17,,R_0805_2012Metric_Pad1.20x1.40mm_HandSolder,10K,smt,True
103.124,-128.27,90.0,top,R18,,R_0805_2012Metric_Pad1.20x1.40mm_HandSolder,10K,smt,True
101.092,-128.27,-90.0,top,R19,,R_0805_2012Metric_Pad1.20x1.40mm_HandSolder,10K,smt,True
107.188,-139.954,0.0,top,R2,,R_0805_2012Metric_Pad1.20x1.40mm_HandSolder,15R,smt,True
105.156,-130.302,-90.0,top,R20,,R_0805_2012Metric_Pad1.20x1.40mm_HandSolder,10K,smt,True
97.536,-143.002,0.0,top,R21,,R_0805_2012Metric_Pad1.20x1.40mm_HandSolder,20K,smt,True
96.52,-138.176,180.0,top,R22,,R_0805_2012Metric_Pad1.20x1.40mm_HandSolder,20K,smt,True
96.52,-140.716,180.0,top,R23,,R_0805_2012Metric_Pad1.20x1.40mm_HandSolder,120R,smt,True
117.348,-139.954,0.0,top,R3,,R_0805_2012Metric_Pad1.20x1.40mm_HandSolder,15R,smt,True
132.588,-139.954,0.0,top,R4,,R_0805_2012Metric_Pad1.20x1.40mm_HandSolder,15R,smt,True
122.428,-139.954,0.0,top,R5,,R_0805_2012Metric_Pad1.20x1.40mm_HandSolder,15R,smt,True
163.068,-139.954,0.0,top,R6,,R_0805_2012Metric_Pad1.20x1.40mm_HandSolder,15R,smt,True
152.908,-139.954,0.0,top,R7,,R_0805_2012Metric_Pad1.20x1.40mm_HandSolder,15R,smt,True
147.828,-139.954,0.0,top,R8,,R_0805_2012Metric_Pad1.20x1.40mm_HandSolder,15R,smt,True
137.668,-139.954,0.0,top,R9,,R_0805_2012Metric_Pad1.20x1.40mm_HandSolder,15R,smt,True
113.284,-130.302,90.0,top,U1,ATMEGA328P-AUR,TQFP-32_7x7mm,ATMEGA328P-AUR,smt,True
100.33,-133.35,180.0,top,U11,,21-0041B_8_MXM,max485csa,smt,True
104.902,-84.328,0.0,top,U2,,TO-263-5_U_MCH,LM2576-5.0WU,smt,True
124.46,-85.2833,0.0,top,U3,,TO-263-5_U_MCH,LM2576-12WU,smt,True
73.66,-137.922,90.0,top,U4,,SON_S210-13_DIO,ABS210-13,smt,True
135.9154,-131.5339,90.0,top,U5,,74HC595PW-Q100_118_NEX,74HC595PW-Q100_118,smt,True
129.4638,-132.0546,-90.0,top,Y1,,CRYSTAL_ABMM2_ABR,ABMM2-16.000MHZ-E2-T,smt,True
