﻿designator,quantity,value,pack,mpn,mount_type
"C1, C2",2,22pF,C_0805_2012Metric_Pad1.18x1.45mm_HandSolder,,smt
"C10, C3, C4, C9",4,100uF,CAPAE1050X1250N,,smt
"C7, C8",2,220uF,EEE0JA152UAP,,smt
"D1, D2",2,B340,D_SMC,,smt
IC1,1,LM358DT,SOIC127P600X175-8N,,smt
"J1, J2, J3, J4, J5, J6",6,CTB0508_3,CTB05083,,tht
J7,1,CTB0508_5,CTB05085,,tht
J8,1,CTB0708/2,CONN-2X1_CTB0708&slash_2_CMD,,tht
J9,1,SPI Programming,PinHeader_2x03_P2.54mm_Vertical,,tht
"L1, L2",2,MSS1210-334KED,INDPM123123X1020N,,smt
LED1,1,5988270107F,5988270107F,,smt
"Q1, Q10, Q11, Q12, Q13, Q2, Q3, Q4, Q5, Q6, Q7, Q8, Q9",13,Si2338DS-T1-GE3,SOT95P237X112-3N,,smt
R1,1,330R,R_0805_2012Metric_Pad1.20x1.40mm_HandSolder,,smt
"R10, R11, R12, R13, R14, R2, R3, R4, R5, R6, R7, R8, R9",13,15R,R_0805_2012Metric_Pad1.20x1.40mm_HandSolder,,smt
R15,1,15k,R_0805_2012Metric_Pad1.20x1.40mm_HandSolder,,smt
R16,1,10k,R_0805_2012Metric_Pad1.20x1.40mm_HandSolder,,smt
"R17, R18, R19, R20",4,10K,R_0805_2012Metric_Pad1.20x1.40mm_HandSolder,,smt
"R21, R22",2,20K,R_0805_2012Metric_Pad1.20x1.40mm_HandSolder,,smt
R23,1,120R,R_0805_2012Metric_Pad1.20x1.40mm_HandSolder,,smt
U1,1,ATMEGA328P-AUR,TQFP-32_7x7mm,ATMEGA328P-AUR,smt
U11,1,max485csa,21-0041B_8_MXM,,smt
U2,1,LM2576-5.0WU,TO-263-5_U_MCH,,smt
U3,1,LM2576-12WU,TO-263-5_U_MCH,,smt
U4,1,ABS210-13,SON_S210-13_DIO,,smt
U5,1,74HC595PW-Q100_118,74HC595PW-Q100_118_NEX,,smt
Y1,1,ABMM2-16.000MHZ-E2-T,CRYSTAL_ABMM2_ABR,,smt
